filename,width,height,class,xmin,ymin,xmax,ymax
sg1.jpg,960,540,poop,1,1,68,36
sg10.jpg,960,540,poop,829,1,904,36
sg100.jpg,960,540,poop,287,276,370,358
sg101.jpg,960,540,poop,425,282,506,364
sg102.jpg,960,540,poop,573,276,657,360
sg103.jpg,960,540,poop,698,270,788,352
sg104.jpg,960,540,poop,814,274,909,358
sg105.jpg,960,540,poop,933,264,960,332
sg106.jpg,960,540,poop,1,383,97,479
sg107.jpg,960,540,poop,133,383,231,480
sg108.jpg,960,540,poop,287,374,385,470
sg109.jpg,960,540,poop,403,389,494,491
sg11.jpg,960,540,poop,918,1,960,36
sg110.jpg,960,540,poop,590,384,690,480
sg111.jpg,960,540,poop,707,376,809,473
sg112.jpg,960,540,poop,844,377,951,473
sg113.jpg,960,540,poop,2,1,81,44
sg114.jpg,960,540,poop,89,1,167,45
sg115.jpg,960,540,poop,173,1,246,44
sg116.jpg,960,540,poop,257,1,336,45
sg117.jpg,960,540,poop,351,1,422,43
sg118.jpg,960,540,poop,438,1,509,41
sg119.jpg,960,540,poop,532,1,606,42
sg12.jpg,960,540,poop,1,33,35,104
sg120.jpg,960,540,poop,625,1,704,40
sg121.jpg,960,540,poop,714,1,799,37
sg122.jpg,960,540,poop,821,1,903,40
sg123.jpg,960,540,poop,912,1,957,45
sg124.jpg,960,540,poop,1,43,42,103
sg125.jpg,960,540,poop,52,47,137,109
sg126.jpg,960,540,poop,160,48,241,107
sg127.jpg,960,540,poop,240,41,324,103
sg128.jpg,960,540,poop,334,41,415,104
sg129.jpg,960,540,poop,439,42,517,105
sg13.jpg,960,540,poop,42,34,117,103
sg130.jpg,960,540,poop,537,38,619,103
sg131.jpg,960,540,poop,633,33,719,94
sg132.jpg,960,540,poop,737,33,826,98
sg133.jpg,960,540,poop,839,34,931,100
sg134.jpg,960,540,poop,939,33,960,82
sg135.jpg,960,540,poop,8,102,97,174
sg137.jpg,960,540,poop,220,103,309,176
sg138.jpg,960,540,poop,314,104,403,175
sg139.jpg,960,540,poop,435,105,520,177
sg14.jpg,960,540,poop,135,31,213,106
sg140.jpg,960,540,poop,541,104,637,177
sg141.jpg,960,540,poop,648,97,742,172
sg142.jpg,960,540,poop,756,96,852,168
sg143.jpg,960,540,poop,874,99,960,170
sg144.jpg,960,540,poop,1,182,68,263
sg146.jpg,960,540,poop,183,181,282,261
sg147.jpg,960,540,poop,302,184,398,264
sg148.jpg,960,540,poop,435,182,525,262
sg149.jpg,960,540,poop,539,176,638,252
sg15.jpg,960,540,poop,242,29,316,105
sg150.jpg,960,540,poop,657,175,760,261
sg151.jpg,960,540,poop,792,173,900,258
sg152.jpg,960,540,poop,907,170,960,251
sg153.jpg,960,540,poop,1,266,23,323
sg154.jpg,960,540,poop,42,262,152,356
sg155.jpg,960,540,poop,148,265,260,359
sg156.jpg,960,540,poop,288,260,393,357
sg157.jpg,960,540,poop,413,264,514,358
sg158.jpg,960,540,poop,545,268,654,360
sg159.jpg,960,540,poop,669,264,782,364
sg16.jpg,960,540,poop,346,25,420,103
sg160.jpg,960,540,poop,810,257,933,352
sg161.jpg,960,540,poop,934,268,960,356
sg162.jpg,960,540,poop,1,376,98,486
sg163.jpg,960,540,poop,103,388,224,503
sg164.jpg,960,540,poop,261,391,383,509
sg165.jpg,960,540,poop,431,389,549,507
sg166.jpg,960,540,poop,553,382,674,500
sg167.jpg,960,540,poop,715,389,849,509
sg168.jpg,960,540,poop,844,383,960,500
sg17.jpg,960,540,poop,441,28,517,103
sg19.jpg,960,540,poop,643,19,727,97
sg2.jpg,960,540,poop,85,1,154,38
sg20.jpg,960,540,poop,746,17,834,96
sg21.jpg,960,540,poop,852,18,942,100
sg22.jpg,960,540,poop,939,29,960,78
sg23.jpg,960,540,poop,1,100,95,172
sg24.jpg,960,540,poop,103,100,204,172
sg25.jpg,960,540,poop,215,101,305,171
sg26.jpg,960,540,poop,337,105,415,170
sg28.jpg,960,540,poop,541,103,624,171
sg29.jpg,960,540,poop,650,99,739,168
sg3.jpg,960,540,poop,176,1,244,41
sg30.jpg,960,540,poop,761,92,851,164
sg31.jpg,960,540,poop,873,93,960,165
sg32.jpg,960,540,poop,1,176,56,254
sg33.jpg,960,540,poop,82,174,172,254
sg34.jpg,960,540,poop,196,166,284,250
sg35.jpg,960,540,poop,315,162,402,251
sg36.jpg,960,540,poop,428,157,519,251
sg37.jpg,960,540,poop,539,176,637,257
sg38.jpg,960,540,poop,663,175,756,254
sg39.jpg,960,540,poop,787,171,886,249
sg4.jpg,960,540,poop,268,1,333,38
sg40.jpg,960,540,poop,899,173,960,254
sg43.jpg,960,540,poop,152,248,252,356
sg44.jpg,960,540,poop,274,264,376,357
sg45.jpg,960,540,poop,426,265,529,357
sg46.jpg,960,540,poop,549,268,655,358
sg47.jpg,960,540,poop,676,264,792,357
sg48.jpg,960,540,poop,813,244,932,357
sg5.jpg,960,540,poop,359,1,425,41
sg50.jpg,960,540,poop,1,375,109,488
sg51.jpg,960,540,poop,83,369,220,487
sg52.jpg,960,540,poop,252,379,364,483
sg53.jpg,960,540,poop,422,374,527,484
sg55.jpg,960,540,poop,697,362,823,495
sg56.jpg,960,540,poop,856,375,960,487
sg57.jpg,960,540,poop,8,1,73,38
sg58.jpg,960,540,poop,85,1,152,42
sg59.jpg,960,540,poop,173,1,237,37
sg61.jpg,960,540,poop,362,1,421,36
sg62.jpg,960,540,poop,446,1,505,36
sg63.jpg,960,540,poop,533,1,594,38
sg64.jpg,960,540,poop,626,1,690,38
sg65.jpg,960,540,poop,732,1,802,38
sg66.jpg,960,540,poop,832,1,902,36
sg67.jpg,960,540,poop,917,1,960,35
sg68.jpg,960,540,poop,1,40,41,104
sg69.jpg,960,540,poop,47,44,119,105
sg7.jpg,960,540,poop,542,1,610,39
sg70.jpg,960,540,poop,150,45,215,106
sg71.jpg,960,540,poop,253,43,315,105
sg72.jpg,960,540,poop,353,42,415,105
sg73.jpg,960,540,poop,440,42,502,102
sg75.jpg,960,540,poop,650,32,719,98
sg77.jpg,960,540,poop,869,27,942,92
sg78.jpg,960,540,poop,940,31,960,78
sg79.jpg,960,540,poop,16,99,89,167
sg8.jpg,960,540,poop,635,1,705,38
sg82.jpg,960,540,poop,338,106,408,170
sg83.jpg,960,540,poop,446,106,518,172
sg84.jpg,960,540,poop,550,99,618,164
sg85.jpg,960,540,poop,650,96,721,165
sg86.jpg,960,540,poop,763,95,842,168
sg88.jpg,960,540,poop,1,174,63,251
sg89.jpg,960,540,poop,83,179,167,255
sg90.jpg,960,540,poop,194,182,274,256
sg91.jpg,960,540,poop,319,182,397,258
sg93.jpg,960,540,poop,556,179,639,254
sg94.jpg,960,540,poop,672,174,753,251
sg95.jpg,960,540,poop,786,171,872,249
sg96.jpg,960,540,poop,894,172,960,249
sg98.jpg,960,540,poop,37,269,130,354
sg99.jpg,960,540,poop,178,271,264,352
t0.jpg,960,540,poop,283,195,374,281
t0.jpg,960,540,poop,456,113,545,186
t0.jpg,960,540,poop,539,253,620,336
t1.jpg,960,540,poop,282,106,364,180
t1.jpg,960,540,poop,455,114,545,188
t1.jpg,960,540,poop,639,129,720,201
t11.jpg,960,540,poop,152,73,223,139
t11.jpg,960,540,poop,328,5,397,66
t11.jpg,960,540,poop,557,254,666,347
t12.jpg,960,540,poop,391,1,451,47
t12.jpg,960,540,poop,365,141,461,219
t12.jpg,960,540,poop,625,68,715,136
t13.jpg,960,540,poop,176,251,283,336
t13.jpg,960,540,poop,424,103,491,172
t13.jpg,960,540,poop,612,200,719,286
t14.jpg,960,540,poop,531,119,623,195
t14.jpg,960,540,poop,336,182,431,259
t14.jpg,960,540,poop,312,52,378,118
t16.jpg,960,540,poop,598,290,707,395
t16.jpg,960,540,poop,398,317,487,405
t16.jpg,960,540,poop,161,305,271,399
t17.jpg,960,540,poop,624,268,741,368
t17.jpg,960,540,poop,457,264,547,354
t17.jpg,960,540,poop,153,325,264,447
t18.jpg,960,540,poop,780,299,909,405
t18.jpg,960,540,poop,600,320,698,423
t18.jpg,960,540,poop,328,272,424,375
t19.jpg,960,540,poop,807,146,911,228
t19.jpg,960,540,poop,629,116,705,193
t19.jpg,960,540,poop,422,158,506,251
t2.jpg,960,540,poop,733,175,840,258
t2.jpg,960,540,poop,565,360,663,454
t2.jpg,960,540,poop,102,223,210,315
t20.jpg,960,540,poop,671,281,788,386
t20.jpg,960,540,poop,625,3,711,71
t20.jpg,960,540,poop,220,235,307,322
t21.jpg,960,540,poop,579,286,672,378
t21.jpg,960,540,poop,374,335,487,448
t21.jpg,960,540,poop,147,313,261,419
t22.jpg,960,540,poop,270,359,395,473
t22.jpg,960,540,poop,181,201,286,303
t22.jpg,960,540,poop,217,88,289,160
t23.jpg,960,540,poop,283,277,368,365
t23.jpg,960,540,poop,257,160,352,243
t23.jpg,960,540,poop,238,31,313,109
t26.jpg,960,540,poop,53,230,161,314
t26.jpg,960,540,poop,2,143,84,220
t26.jpg,960,540,poop,65,23,152,84
t27.jpg,960,540,poop,295,61,363,130
t27.jpg,960,540,poop,234,306,347,408
t27.jpg,960,540,poop,10,127,103,195
t28.jpg,960,540,poop,582,188,683,271
t28.jpg,960,540,poop,313,224,407,307
t28.jpg,960,540,poop,374,1,440,67
t29.jpg,960,540,poop,688,19,770,82
t29.jpg,960,540,poop,652,123,729,197
t29.jpg,960,540,poop,739,277,861,380
t31.jpg,960,540,poop,135,183,245,264
t31.jpg,960,540,poop,337,20,404,86
t31.jpg,960,540,poop,728,56,819,125
t32.jpg,960,540,poop,751,219,863,309
t32.jpg,960,540,poop,829,20,902,83
t32.jpg,960,540,poop,327,60,409,132
t34.jpg,960,540,poop,840,98,940,175
t34.jpg,960,540,poop,480,29,547,96
t34.jpg,960,540,poop,37,174,131,256
t35.jpg,960,540,poop,639,177,740,267
t35.jpg,960,540,poop,483,1,546,49
t35.jpg,960,540,poop,20,64,110,141
t36.jpg,960,540,poop,172,162,273,248
t36.jpg,960,540,poop,301,1,365,42
t36.jpg,960,540,poop,621,5,700,67
t37.jpg,960,540,poop,651,153,756,235
t37.jpg,960,540,poop,428,127,499,201
t37.jpg,960,540,poop,64,123,155,206
t38.jpg,960,540,poop,302,159,397,241
t38.jpg,960,540,poop,544,97,617,168
t38.jpg,960,540,poop,716,108,816,194
t39.jpg,960,540,poop,208,224,300,316
t39.jpg,960,540,poop,577,182,658,259
t39.jpg,960,540,poop,772,104,867,181
t4.jpg,960,540,poop,786,221,879,305
t4.jpg,960,540,poop,326,29,405,90
t4.jpg,960,540,poop,191,321,303,421
t40.jpg,960,540,poop,796,209,913,304
t40.jpg,960,540,poop,490,306,576,397
t40.jpg,960,540,poop,163,361,274,473
t41.jpg,960,540,poop,15,172,113,253
t41.jpg,960,540,poop,317,79,387,145
t41.jpg,960,540,poop,648,39,740,107
t43.jpg,960,540,poop,360,288,471,386
t43.jpg,960,540,poop,421,141,495,219
t43.jpg,960,540,poop,425,42,501,109
t44.jpg,960,540,poop,666,18,751,82
t44.jpg,960,540,poop,463,18,545,79
t44.jpg,960,540,poop,270,39,335,100
t45.jpg,960,540,poop,492,173,579,260
t45.jpg,960,540,poop,260,184,358,271
t45.jpg,960,540,poop,10,361,114,454
t46.jpg,960,540,poop,561,52,645,121
t46.jpg,960,540,poop,424,185,519,268
t46.jpg,960,540,poop,61,151,143,228
t47.jpg,960,540,poop,715,7,799,76
t47.jpg,960,540,poop,606,209,715,295
t47.jpg,960,540,poop,215,96,287,164
t48.jpg,960,540,poop,848,8,935,75
t48.jpg,960,540,poop,738,311,867,413
t48.jpg,960,540,poop,145,349,248,441
t49.jpg,960,540,poop,686,1,767,40
t49.jpg,960,540,poop,238,51,306,116
t49.jpg,960,540,poop,743,143,849,219
t5.jpg,960,540,poop,797,1,885,39
t5.jpg,960,540,poop,792,85,871,155
t5.jpg,960,540,poop,688,289,807,395
t50.jpg,960,540,poop,747,78,830,158
t50.jpg,960,540,poop,700,268,819,375
t50.jpg,960,540,poop,301,286,392,374
t52.jpg,960,540,poop,807,35,884,101
t52.jpg,960,540,poop,435,27,509,95
t52.jpg,960,540,poop,667,278,790,377
t53.jpg,960,540,poop,884,221,960,321
t53.jpg,960,540,poop,901,45,960,115
t53.jpg,960,540,poop,592,83,674,162
t54.jpg,960,540,poop,672,1,744,49
t54.jpg,960,540,poop,831,151,932,241
t54.jpg,960,540,poop,506,285,620,383
t55.jpg,960,540,poop,724,133,816,222
t55.jpg,960,540,poop,579,15,646,77
t55.jpg,960,540,poop,471,233,572,322
t56.jpg,960,540,poop,789,1,861,44
t56.jpg,960,540,poop,852,86,948,172
t56.jpg,960,540,poop,733,241,851,336
t57.jpg,960,540,poop,566,274,656,369
t57.jpg,960,540,poop,303,207,403,292
t57.jpg,960,540,poop,467,19,552,87
t58.jpg,960,540,poop,825,1,897,40
t58.jpg,960,540,poop,869,70,955,159
t58.jpg,960,540,poop,862,258,960,358
t59.jpg,960,540,poop,563,81,657,154
t59.jpg,960,540,poop,282,88,369,160
t59.jpg,960,540,poop,492,315,580,418
t60.jpg,960,540,poop,527,8,592,67
t60.jpg,960,540,poop,531,244,627,339
t60.jpg,960,540,poop,787,348,912,461
t61.jpg,960,540,poop,408,9,473,67
t61.jpg,960,540,poop,385,305,484,411
t61.jpg,960,540,poop,922,215,960,297
t62.jpg,960,540,poop,792,56,881,124
t62.jpg,960,540,poop,488,65,552,127
t62.jpg,960,540,poop,634,214,737,320
t63.jpg,960,540,poop,710,1,795,21
t63.jpg,960,540,poop,733,233,846,333
t63.jpg,960,540,poop,388,256,474,346
t64.jpg,960,540,poop,335,19,414,82
t64.jpg,960,540,poop,279,118,365,197
t64.jpg,960,540,poop,315,293,407,385
t66.jpg,960,540,poop,559,357,663,465
t66.jpg,960,540,poop,785,208,877,293
t66.jpg,960,540,poop,888,86,960,168
t67.jpg,960,540,poop,512,22,577,87
t67.jpg,960,540,poop,702,263,813,357
t67.jpg,960,540,poop,229,176,330,264
t68.jpg,960,540,poop,831,37,917,106
t68.jpg,960,540,poop,650,106,728,184
t68.jpg,960,540,poop,820,235,931,336
t7.jpg,960,540,poop,667,114,763,185
t7.jpg,960,540,poop,445,1,509,38
t7.jpg,960,540,poop,268,50,350,116
t70.jpg,960,540,poop,655,48,734,126
t70.jpg,960,540,poop,314,109,403,185
t70.jpg,960,540,poop,598,317,689,407
t71.jpg,960,540,poop,713,239,805,330
t71.jpg,960,540,poop,599,107,697,184
t71.jpg,960,540,poop,318,165,413,249
t72.jpg,960,540,poop,617,154,712,232
t72.jpg,960,540,poop,359,62,441,131
t72.jpg,960,540,poop,631,1,698,61
t73.jpg,960,540,poop,771,11,855,72
t73.jpg,960,540,poop,570,1,635,50
t73.jpg,960,540,poop,375,1,447,54
t74.jpg,960,540,poop,480,1,558,33
t74.jpg,960,540,poop,535,93,618,165
t74.jpg,960,540,poop,524,326,619,418
t75.jpg,960,540,poop,555,57,641,136
t75.jpg,960,540,poop,363,38,452,108
t75.jpg,960,540,poop,444,260,537,345
t76.jpg,960,540,poop,415,1,479,60
t76.jpg,960,540,poop,281,76,374,146
t76.jpg,960,540,poop,232,213,338,303
t77.jpg,960,540,poop,578,1,645,26
t77.jpg,960,540,poop,429,64,510,132
t77.jpg,960,540,poop,320,260,425,355
t78.jpg,960,540,poop,583,86,659,165
t78.jpg,960,540,poop,317,106,407,181
t78.jpg,960,540,poop,431,218,530,306
t79.jpg,960,540,poop,777,100,867,190
t79.jpg,960,540,poop,564,193,670,283
t79.jpg,960,540,poop,310,320,404,412
t8.jpg,960,540,poop,519,102,590,171
t8.jpg,960,540,poop,495,334,616,443
t8.jpg,960,540,poop,94,228,202,316
t80.jpg,960,540,poop,685,75,763,146
t80.jpg,960,540,poop,860,1,943,71
t80.jpg,960,540,poop,885,155,960,244
t81.jpg,960,540,poop,591,260,703,355
t81.jpg,960,540,poop,883,143,960,222
t81.jpg,960,540,poop,603,1,685,45
t82.jpg,960,540,poop,884,27,960,96
t82.jpg,960,540,poop,821,200,935,293
t82.jpg,960,540,poop,480,157,573,256
t83.jpg,960,540,poop,767,146,857,233
t83.jpg,960,540,poop,313,291,431,395
t83.jpg,960,540,poop,238,105,332,176
t84.jpg,960,540,poop,876,10,946,71
t84.jpg,960,540,poop,606,39,688,120
t84.jpg,960,540,poop,356,61,435,125
t85.jpg,960,540,poop,836,1,916,63
t85.jpg,960,540,poop,864,135,945,206
t85.jpg,960,540,poop,490,210,590,300
t86.jpg,960,540,poop,510,21,577,82
t86.jpg,960,540,poop,891,64,960,149
t86.jpg,960,540,poop,669,241,780,337
t87.jpg,960,540,poop,851,128,960,212
t87.jpg,960,540,poop,772,1,848,41
t87.jpg,960,540,poop,512,21,576,82
t88.jpg,960,540,poop,433,1,493,44
t88.jpg,960,540,poop,625,86,710,169
t88.jpg,960,540,poop,456,179,555,265
t89.jpg,960,540,poop,827,14,909,84
t89.jpg,960,540,poop,567,37,635,101
t89.jpg,960,540,poop,612,225,722,315
t9.jpg,960,540,poop,302,1,375,37
t9.jpg,960,540,poop,238,63,308,128
t9.jpg,960,540,poop,160,260,270,356
t90.jpg,960,540,poop,456,1,518,44
t90.jpg,960,540,poop,431,121,522,198
t90.jpg,960,540,poop,400,298,507,397
t91.jpg,960,540,poop,495,1,564,37
t91.jpg,960,540,poop,795,24,867,84
t91.jpg,960,540,poop,654,108,749,181
t92.jpg,960,540,poop,527,1,596,43
t92.jpg,960,540,poop,540,67,610,132
t92.jpg,960,540,poop,617,321,738,429
t93.jpg,960,540,poop,313,47,388,108
t93.jpg,960,540,poop,820,84,898,153
t93.jpg,960,540,poop,384,240,489,330
t94.jpg,960,540,poop,532,179,633,261
t94.jpg,960,540,poop,492,29,567,92
t94.jpg,960,540,poop,765,16,837,75
t95.jpg,960,540,poop,349,182,447,265
t95.jpg,960,540,poop,446,1,519,57
t95.jpg,960,540,poop,837,60,914,128
t96.jpg,960,540,poop,737,20,824,83
t96.jpg,960,540,poop,785,171,872,253
t96.jpg,960,540,poop,264,96,349,163
t97.jpg,960,540,poop,399,2,476,40
t97.jpg,960,540,poop,360,82,432,149
t97.jpg,960,540,poop,346,302,459,408
t98.jpg,960,540,poop,909,189,960,281
t98.jpg,960,540,poop,495,269,599,368
t98.jpg,960,540,poop,303,386,395,485
t99.jpg,960,540,poop,298,386,395,488
t99.jpg,960,540,poop,859,193,960,286
tg0.jpg,960,540,poop,258,33,330,102
tg0.jpg,960,540,poop,447,29,508,89
tg0.jpg,960,540,poop,638,37,719,100
tg1.jpg,960,540,poop,224,103,293,169
tg1.jpg,960,540,poop,442,103,522,165
tg1.jpg,960,540,poop,644,105,735,172
tg10.jpg,960,540,poop,201,174,295,249
tg10.jpg,960,540,poop,445,97,512,159
tg10.jpg,960,540,poop,665,161,759,254
tg11.jpg,960,540,poop,272,267,376,353
tg11.jpg,960,540,poop,343,42,408,99
tg11.jpg,960,540,poop,768,74,852,155
tg12.jpg,960,540,poop,466,109,531,174
tg12.jpg,960,540,poop,569,267,670,359
tg12.jpg,960,540,poop,742,22,817,94
tg13.jpg,960,540,poop,315,176,390,246
tg13.jpg,960,540,poop,549,23,624,99
tg13.jpg,960,540,poop,673,178,767,257
tg14.jpg,960,540,poop,562,278,663,372
tg14.jpg,960,540,poop,544,40,607,101
tg14.jpg,960,540,poop,352,34,419,106
tg15.jpg,960,540,poop,369,1,435,36
tg15.jpg,960,540,poop,643,1,700,32
tg15.jpg,960,540,poop,793,174,894,254
tg16.jpg,960,540,poop,99,1,161,37
tg16.jpg,960,540,poop,747,1,810,31
tg16.jpg,960,540,poop,868,97,960,163
tg17.jpg,960,540,poop,833,273,951,368
tg17.jpg,960,540,poop,841,1,910,34
tg17.jpg,960,540,poop,98,1,164,34
tg19.jpg,960,540,poop,572,399,682,518
tg19.jpg,960,540,poop,784,105,858,174
tg19.jpg,960,540,poop,122,102,204,174
tg2.jpg,960,540,poop,207,182,286,251
tg2.jpg,960,540,poop,439,181,524,251
tg2.jpg,960,540,poop,684,182,784,257
tg20.jpg,960,540,poop,552,107,620,174
tg20.jpg,960,540,poop,418,396,524,507
tg20.jpg,960,540,poop,31,255,131,353
tg21.jpg,960,540,poop,93,156,181,243
tg21.jpg,960,540,poop,343,47,419,106
tg21.jpg,960,540,poop,744,23,817,84
tg22.jpg,960,540,poop,262,1,331,41
tg22.jpg,960,540,poop,522,1,592,43
tg22.jpg,960,540,poop,832,1,898,29
tg23.jpg,960,540,poop,927,1,960,24
tg23.jpg,960,540,poop,873,97,958,165
tg23.jpg,960,540,poop,5,1,75,30
tg24.jpg,960,540,poop,2,32,37,97
tg24.jpg,960,540,poop,873,97,960,163
tg24.jpg,960,540,poop,926,1,960,26
tg25.jpg,960,540,poop,2,34,34,100
tg25.jpg,960,540,poop,19,111,92,168
tg25.jpg,960,540,poop,1,183,59,253
tg26.jpg,960,540,poop,1,93,87,168
tg26.jpg,960,540,poop,1,174,65,237
tg26.jpg,960,540,poop,1,261,32,327
tg27.jpg,960,540,poop,870,99,960,172
tg27.jpg,960,540,poop,945,40,960,79
tg27.jpg,960,540,poop,928,1,960,31
tg28.jpg,960,540,poop,949,22,960,83
tg28.jpg,960,540,poop,894,95,960,165
tg28.jpg,960,540,poop,905,174,960,247
tg29.jpg,960,540,poop,885,86,960,164
tg29.jpg,960,540,poop,912,176,960,252
tg29.jpg,960,540,poop,935,268,960,345
tg3.jpg,960,540,poop,148,265,243,358
tg3.jpg,960,540,poop,445,270,526,344
tg3.jpg,960,540,poop,692,271,793,359
tg30.jpg,960,540,poop,441,185,514,250
tg30.jpg,960,540,poop,259,388,372,499
tg30.jpg,960,540,poop,589,381,697,493
tg33.jpg,960,540,poop,284,267,382,350
tg33.jpg,960,540,poop,533,274,632,357
tg33.jpg,960,540,poop,435,399,526,493
tg36.jpg,960,540,poop,538,178,625,253
tg36.jpg,960,540,poop,429,281,508,358
tg36.jpg,960,540,poop,236,386,352,502
tg37.jpg,960,540,poop,547,277,647,361
tg37.jpg,960,540,poop,681,172,775,251
tg37.jpg,960,540,poop,310,186,382,253
tg38.jpg,960,540,poop,275,45,332,102
tg38.jpg,960,540,poop,551,45,625,99
tg38.jpg,960,540,poop,744,39,826,99
tg4.jpg,960,540,poop,347,27,418,97
tg4.jpg,960,540,poop,447,40,508,93
tg4.jpg,960,540,poop,544,41,622,95
tg40.jpg,960,540,poop,149,44,213,99
tg40.jpg,960,540,poop,449,41,516,103
tg40.jpg,960,540,poop,817,1,898,34
tg41.jpg,960,540,poop,130,109,196,167
tg41.jpg,960,540,poop,657,92,733,171
tg41.jpg,960,540,poop,846,41,933,101
tg42.jpg,960,540,poop,749,104,840,173
tg42.jpg,960,540,poop,336,100,408,169
tg42.jpg,960,540,poop,12,106,81,170
tg43.jpg,960,540,poop,26,285,114,360
tg43.jpg,960,540,poop,661,164,754,252
tg43.jpg,960,540,poop,636,28,715,87
tg44.jpg,960,540,poop,26,285,112,362
tg44.jpg,960,540,poop,333,109,415,171
tg44.jpg,960,540,poop,738,27,811,86
tg45.jpg,960,540,poop,96,120,168,185
tg45.jpg,960,540,poop,553,183,642,260
tg45.jpg,960,540,poop,734,34,814,95
tg46.jpg,960,540,poop,98,121,166,185
tg46.jpg,960,540,poop,552,182,643,260
tg46.jpg,960,540,poop,751,95,831,170
tg47.jpg,960,540,poop,559,183,650,262
tg47.jpg,960,540,poop,753,97,838,167
tg47.jpg,960,540,poop,112,109,187,171
tg48.jpg,960,540,poop,148,274,242,349
tg48.jpg,960,540,poop,700,249,808,346
tg48.jpg,960,540,poop,620,32,693,90
tg49.jpg,960,540,poop,338,43,410,103
tg49.jpg,960,540,poop,542,1,613,37
tg49.jpg,960,540,poop,559,269,640,346
tg5.jpg,960,540,poop,330,85,408,164
tg5.jpg,960,540,poop,443,109,522,168
tg5.jpg,960,540,poop,561,93,624,155
tg51.jpg,960,540,poop,317,181,408,261
tg51.jpg,960,540,poop,455,264,528,339
tg51.jpg,960,540,poop,575,385,685,490
tg52.jpg,960,540,poop,687,246,777,330
tg52.jpg,960,540,poop,778,178,875,258
tg52.jpg,960,540,poop,865,103,954,174
tg53.jpg,960,540,poop,622,1,694,43
tg53.jpg,960,540,poop,748,1,814,36
tg53.jpg,960,540,poop,840,30,929,86
tg54.jpg,960,540,poop,459,93,523,154
tg54.jpg,960,540,poop,752,93,837,162
tg54.jpg,960,540,poop,165,269,264,358
tg56.jpg,960,540,poop,136,38,207,95
tg56.jpg,960,540,poop,436,106,521,169
tg56.jpg,960,540,poop,692,261,795,360
tg57.jpg,960,540,poop,90,178,173,247
tg57.jpg,960,540,poop,545,40,621,99
tg57.jpg,960,540,poop,773,102,869,177
tg58.jpg,960,540,poop,436,185,509,258
tg58.jpg,960,540,poop,361,1,436,34
tg58.jpg,960,540,poop,731,1,806,38
tg59.jpg,960,540,poop,444,255,522,336
tg59.jpg,960,540,poop,246,46,322,105
tg59.jpg,960,540,poop,765,95,854,167
tg6.jpg,960,540,poop,317,172,405,243
tg6.jpg,960,540,poop,447,161,529,244
tg6.jpg,960,540,poop,570,180,643,247
tg60.jpg,960,540,poop,587,273,671,352
tg60.jpg,960,540,poop,846,27,931,94
tg60.jpg,960,540,poop,141,47,221,102
tg61.jpg,960,540,poop,318,174,392,244
tg61.jpg,960,540,poop,546,183,638,260
tg61.jpg,960,540,poop,777,171,870,254
tg62.jpg,960,540,poop,339,90,405,151
tg62.jpg,960,540,poop,759,84,846,160
tg62.jpg,960,540,poop,563,281,669,369
tg63.jpg,960,540,poop,554,177,645,247
tg63.jpg,960,540,poop,638,28,719,92
tg63.jpg,960,540,poop,451,26,511,83
tg65.jpg,960,540,poop,193,179,272,244
tg65.jpg,960,540,poop,440,185,526,264
tg65.jpg,960,540,poop,340,44,414,100
tg66.jpg,960,540,poop,356,37,417,95
tg66.jpg,960,540,poop,139,42,216,99
tg66.jpg,960,540,poop,193,171,275,250
tg67.jpg,960,540,poop,363,2,433,41
tg67.jpg,960,540,poop,543,102,608,166
tg67.jpg,960,540,poop,410,274,511,368
tg68.jpg,960,540,poop,690,277,789,368
tg68.jpg,960,540,poop,650,25,712,85
tg68.jpg,960,540,poop,255,2,326,46
tg69.jpg,960,540,poop,236,53,316,113
tg69.jpg,960,540,poop,746,37,817,97
tg69.jpg,960,540,poop,834,265,943,356
tg7.jpg,960,540,poop,292,279,394,369
tg7.jpg,960,540,poop,430,267,514,344
tg7.jpg,960,540,poop,565,244,663,348
tg70.jpg,960,540,poop,810,1,877,37
tg70.jpg,960,540,poop,849,31,934,96
tg70.jpg,960,540,poop,221,117,306,181
tg71.jpg,960,540,poop,751,99,836,168
tg71.jpg,960,540,poop,549,102,615,165
tg71.jpg,960,540,poop,320,191,415,267
tg72.jpg,960,540,poop,764,87,850,170
tg72.jpg,960,540,poop,355,85,417,146
tg72.jpg,960,540,poop,286,275,385,365
tg73.jpg,960,540,poop,791,168,885,261
tg73.jpg,960,540,poop,311,175,394,251
tg73.jpg,960,540,poop,248,22,315,75
tg74.jpg,960,540,poop,648,28,722,98
tg74.jpg,960,540,poop,192,184,289,263
tg74.jpg,960,540,poop,148,34,215,93
tg75.jpg,960,540,poop,732,1,802,36
tg75.jpg,960,540,poop,213,101,301,168
tg75.jpg,960,540,poop,98,1,160,33
tg76.jpg,960,540,poop,529,1,603,36
tg76.jpg,960,540,poop,363,1,440,38
tg76.jpg,960,540,poop,202,1,249,25
tg77.jpg,960,540,poop,713,1,792,38
tg77.jpg,960,540,poop,537,1,617,40
tg77.jpg,960,540,poop,358,1,423,28
tg78.jpg,960,540,poop,826,1,897,33
tg78.jpg,960,540,poop,636,1,709,37
tg78.jpg,960,540,poop,450,1,503,33
tg79.jpg,960,540,poop,829,16,915,96
tg79.jpg,960,540,poop,756,97,845,166
tg79.jpg,960,540,poop,654,166,739,246
tg8.jpg,960,540,poop,444,99,513,159
tg8.jpg,960,540,poop,563,240,662,349
tg8.jpg,960,540,poop,291,278,391,368
tg80.jpg,960,540,poop,756,16,840,93
tg80.jpg,960,540,poop,631,36,729,91
tg80.jpg,960,540,poop,650,91,728,151
tg81.jpg,960,540,poop,551,34,620,108
tg81.jpg,960,540,poop,563,163,640,237
tg81.jpg,960,540,poop,411,103,494,166
tg82.jpg,960,540,poop,559,178,641,253
tg82.jpg,960,540,poop,435,190,521,268
tg82.jpg,960,540,poop,300,178,388,257
tg83.jpg,960,540,poop,577,265,666,350
tg83.jpg,960,540,poop,434,270,537,364
tg83.jpg,960,540,poop,275,258,367,343
tg84.jpg,960,540,poop,577,368,675,466
tg84.jpg,960,540,poop,418,392,535,512
tg84.jpg,960,540,poop,253,371,356,489
tg85.jpg,960,540,poop,675,259,772,344
tg85.jpg,960,540,poop,163,248,264,343
tg85.jpg,960,540,poop,412,387,531,504
tg86.jpg,960,540,poop,822,264,924,352
tg86.jpg,960,540,poop,717,396,854,517
tg86.jpg,960,540,poop,279,378,393,503
tg87.jpg,960,540,poop,680,243,776,330
tg87.jpg,960,540,poop,413,263,511,355
tg87.jpg,960,540,poop,26,250,128,352
tg88.jpg,960,540,poop,556,164,641,238
tg88.jpg,960,540,poop,295,182,391,257
tg88.jpg,960,540,poop,410,396,528,529
tg89.jpg,960,540,poop,588,451,698,540
tg89.jpg,960,540,poop,400,443,532,540
tg89.jpg,960,540,poop,221,471,344,540
tg90.jpg,960,540,poop,764,446,873,540
tg90.jpg,960,540,poop,567,453,694,540
tg90.jpg,960,540,poop,403,469,536,540
tg91.jpg,960,540,poop,416,466,525,540
tg91.jpg,960,540,poop,232,442,355,540
tg91.jpg,960,540,poop,85,463,212,540
tg92.jpg,960,540,poop,255,375,349,471
tg92.jpg,960,540,poop,121,375,233,499
tg92.jpg,960,540,poop,1,380,92,496
tg93.jpg,960,540,poop,18,264,124,354
tg93.jpg,960,540,poop,117,389,217,484
tg93.jpg,960,540,poop,1,370,94,479
tg94.jpg,960,540,poop,820,256,944,356
tg94.jpg,960,540,poop,738,391,843,490
tg94.jpg,960,540,poop,857,380,960,497
tg95.jpg,960,540,poop,922,257,960,345
tg95.jpg,960,540,poop,696,250,802,355
tg95.jpg,960,540,poop,434,261,517,348
tg96.jpg,960,540,poop,826,268,950,363
tg96.jpg,960,540,poop,714,398,837,522
tg96.jpg,960,540,poop,592,266,676,351
tg97.jpg,960,540,poop,764,175,874,260
tg97.jpg,960,540,poop,550,168,628,239
tg97.jpg,960,540,poop,304,186,392,261
tg98.jpg,960,540,poop,760,94,856,163
tg98.jpg,960,540,poop,549,78,613,148
tg98.jpg,960,540,poop,237,106,312,177
tg99.jpg,960,540,poop,337,99,406,168
tg99.jpg,960,540,poop,235,41,311,102
tg99.jpg,960,540,poop,121,107,201,169
